{"cameraMode":{"drawMode":0,"name":"Shaded","section":"Shading Mode"},"sceneLighting":true,"audioPlay":false,"sceneViewState":{"m_AlwaysRefresh":false,"showFog":true,"showSkybox":true,"showFlares":true,"showImageEffects":true,"showParticleSystems":true,"showVisualEffectGraphs":true,"m_FxEnabled":true},"in2DMode":false,"pivot":{"x":0.5599251985549927,"y":-0.08356952667236328,"z":-2.6709001064300539},"rotation":{"x":0.0024544447660446169,"y":0.989007294178009,"z":-0.14675332605838777,"w":0.016620974987745286},"size":2.95485782623291,"orthographic":false}